variable,count,mean,std,min,25%,50%,75%,max,original
dummy1,1000.0,0.0004048688888983476,0.010250959189429384,-0.034449402289132,-0.006640019405090175,-0.0001956497504576,0.007453120469448525,0.0417043349113838,-0.0039706471267386
dummy2,1000.0,0.0001344658801659408,0.00961815743782489,-0.0267417462594909,-0.00676699847152875,3.72678753759906e-05,0.006766840651165675,0.0301107528132447,0.0011375306953448
x1,1000.0,0.05792144923490187,3.0997739186938746,-8.415856052239272,-2.0198773699731873,-0.1168870549323841,2.216575591355182,28.204043212826036,28.204043212826036
x2,1000.0,-0.060453398459634995,8.040370999442997,-22.611856918887803,-5.218006670324845,-0.2871611854167744,4.763824713356831,75.05057154438833,75.05057154438833
x3,1000.0,0.0010263962032110853,1.9062141833386366,-6.619926661793535,-1.327826899043715,-0.01571762933039145,1.3197802136475483,17.75416104684719,17.75416104684719
